{
  "accuracy": 0.9649122807017544,
  "f1_score": 0.9722222222222222
}