total_requests,avg_batch_size,avg_latency_ms,p95_latency_ms
3,4.333333333333333,14.926333333333332,29.4913
